sp_name,var_name,method_name,method_location
sp_getdetailsbytxnrefno,jdbcCallgetDetailsByTxnRefNo,ChargesRepositoryImpl,/Users/mrityunjoydey/Documents/github/ne-bank-cbs/turing-slice-cbs/cbs-transactions/app/api/bsgaccounting/repository/ChargesRepositoryImpl.java:60
sp_getdetailsbytxnrefno,jdbcCallgetDetailsByTxnRefNo,getDetailsByTxnRefNo,/Users/mrityunjoydey/Documents/github/ne-bank-cbs/turing-slice-cbs/cbs-transactions/app/api/bsgaccounting/repository/ChargesRepositoryImpl.java:898
sp_account_mini_statement,jdbcCallStatementMini,getMiniStatementForAccount,/Users/mrityunjoydey/Documents/github/ne-bank-cbs/turing-slice-cbs/cbs-transactions/app/api/bsgaccounting/repository/cbs/CbsRepositoryImpl.java:4690
sp_account_mini_statement,jdbcCallStatementMiniRead,getMiniStatementForAccount,/Users/mrityunjoydey/Documents/github/ne-bank-cbs/turing-slice-cbs/cbs-transactions/app/api/bsgaccounting/repository/cbs/CbsRepositoryImpl.java:4690
sp_account_info_balances,jdbcCallAccountInfo,getOpeningClosingBalance,/Users/mrityunjoydey/Documents/github/ne-bank-cbs/turing-slice-cbs/cbs-transactions/app/api/bsgaccounting/repository/cbs/CbsRepositoryImpl.java:8254
sp_account_info_balances,jdbcCallAccountInfoRead,getOpeningClosingBalance,/Users/mrityunjoydey/Documents/github/ne-bank-cbs/turing-slice-cbs/cbs-transactions/app/api/bsgaccounting/repository/cbs/CbsRepositoryImpl.java:8254
sp_account_info_balances,jdbcCallAccountInfoCount,getStatementTxnPagesMobile,/Users/mrityunjoydey/Documents/github/ne-bank-cbs/turing-slice-cbs/cbs-transactions/app/api/bsgaccounting/repository/cbs/CbsRepositoryImpl.java:11448
sp_account_info_balances,jdbcCallAccountInfoCountReader,getStatementTxnPagesMobile,/Users/mrityunjoydey/Documents/github/ne-bank-cbs/turing-slice-cbs/cbs-transactions/app/api/bsgaccounting/repository/cbs/CbsRepositoryImpl.java:11448
sp_account_statement,jdbcCallStatement,getTransactionsWithBalance,/Users/mrityunjoydey/Documents/github/ne-bank-cbs/turing-slice-cbs/cbs-transactions/app/api/bsgaccounting/repository/cbs/CbsRepositoryImpl.java:8300
sp_account_statement,jdbcCallStatementRead,getTransactionsWithBalance,/Users/mrityunjoydey/Documents/github/ne-bank-cbs/turing-slice-cbs/cbs-transactions/app/api/bsgaccounting/repository/cbs/CbsRepositoryImpl.java:8300
sp_account_statement,jdbcCallStatementMobile,getStatementMobile,/Users/mrityunjoydey/Documents/github/ne-bank-cbs/turing-slice-cbs/cbs-transactions/app/api/bsgaccounting/repository/cbs/CbsRepositoryImpl.java:11382
sp_account_statement,jdbcCallStatementMobileReader,getStatementMobile,/Users/mrityunjoydey/Documents/github/ne-bank-cbs/turing-slice-cbs/cbs-transactions/app/api/bsgaccounting/repository/cbs/CbsRepositoryImpl.java:11382
sp_account_statement,jdbcCallStatementMobileCount,statementCountMobile,/Users/mrityunjoydey/Documents/github/ne-bank-cbs/turing-slice-cbs/cbs-transactions/app/api/bsgaccounting/repository/cbs/CbsRepositoryImpl.java:11565
sp_account_statement,jdbcCallReaderStatementMobileCount,statementCountMobile,/Users/mrityunjoydey/Documents/github/ne-bank-cbs/turing-slice-cbs/cbs-transactions/app/api/bsgaccounting/repository/cbs/CbsRepositoryImpl.java:11565
sp_backup_bod,jdbcCallEodBackup,getDailyBackUp,/Users/mrityunjoydey/Documents/github/ne-bank-cbs/turing-slice-cbs/cbs-transactions/app/api/bsgaccounting/repository/cbs/CbsRepositoryImpl.java:10423
statement_search,jdbcCallStatementSearch,statementSearchMobile,/Users/mrityunjoydey/Documents/github/ne-bank-cbs/turing-slice-cbs/cbs-transactions/app/api/bsgaccounting/repository/cbs/CbsRepositoryImpl.java:11477
statement_search,jdbcCallStatementSearchCount,statementSearchCountMobile,/Users/mrityunjoydey/Documents/github/ne-bank-cbs/turing-slice-cbs/cbs-transactions/app/api/bsgaccounting/repository/cbs/CbsRepositoryImpl.java:11539
neft_rtgs_register,jdbcCallNeftRtgsRegister,getNeftRtgsRequestForDate,/Users/mrityunjoydey/Documents/github/ne-bank-cbs/turing-slice-cbs/cbs-transactions/app/api/bsgaccounting/repository/cbs/CbsRepositoryImpl.java:11630
sp_rectify_consistency,rectifyConsistencyCall,executeRectifyConsistency,/Users/mrityunjoydey/Documents/github/ne-bank-cbs/turing-slice-cbs/cbs-transactions/app/api/bsgaccounting/repository/cbs/CbsRepositoryImpl.java:12301
sp_calculate_charges_casa_daily,jdbcCallTodCharges,getTodAgainstClgCharges,/Users/mrityunjoydey/Documents/github/ne-bank-cbs/turing-slice-cbs/cbs-transactions/app/api/bsgaccounting/repository/cbs/CbsRepositoryImpl.java:12453
zerobalance_productcheck,jdbcCallZeroBalanceProduct,getZeroBalanceProductCount,/Users/mrityunjoydey/Documents/github/ne-bank-cbs/turing-slice-cbs/cbs-transactions/app/api/bsgaccounting/repository/cbs/CbsRepositoryImpl.java:12533
zerobalance_productcheck,jdbcCallZeroBalanceProduct,getZeroBalanceProductDetails,/Users/mrityunjoydey/Documents/github/ne-bank-cbs/turing-slice-cbs/cbs-transactions/app/api/bsgaccounting/repository/cbs/CbsRepositoryImpl.java:12557
sp_product_info_balances,jdbcCallProductInfo,getProductInfoForStatement,/Users/mrityunjoydey/Documents/github/ne-bank-cbs/turing-slice-cbs/cbs-transactions/app/api/bsgaccounting/repository/cbs/CbsRepositoryImpl.java:12758
sp_product_info_balances,jdbcCallProductInfoRead,getProductInfoForStatement,/Users/mrityunjoydey/Documents/github/ne-bank-cbs/turing-slice-cbs/cbs-transactions/app/api/bsgaccounting/repository/cbs/CbsRepositoryImpl.java:12758
sp_product_statement,jdbcCallProductStatement,getProductTxnForStatement,/Users/mrityunjoydey/Documents/github/ne-bank-cbs/turing-slice-cbs/cbs-transactions/app/api/bsgaccounting/repository/cbs/CbsRepositoryImpl.java:12804
sp_product_statement,jdbcCallProductStatement,mapRow,/Users/mrityunjoydey/Documents/github/ne-bank-cbs/turing-slice-cbs/cbs-transactions/app/api/bsgaccounting/repository/cbs/CbsRepositoryImpl.java:12809
sp_casa_minimum_bal_charges,jdbcCallMinimumBalanceCharges,getMinimumBalanceCharges,/Users/mrityunjoydey/Documents/github/ne-bank-cbs/turing-slice-cbs/cbs-transactions/app/api/bsgaccounting/repository/cbs/CbsRepositoryImpl.java:12876
sp_casa_minimum_bal_charges,jdbcCallMinBalancePreProcessing,BulkInsertRepositoryImpl,/Users/mrityunjoydey/Documents/github/ne-bank-cbs/turing-slice-cbs/cbs-transactions/app/api/bsgaccounting/repository/bulk/BulkInsertRepositoryImpl.java:101
sp_casa_minimum_bal_charges,jdbcCallMinBalancePreProcessing,initiatePreProcessingMinimumBalance,/Users/mrityunjoydey/Documents/github/ne-bank-cbs/turing-slice-cbs/cbs-transactions/app/api/bsgaccounting/repository/bulk/BulkInsertRepositoryImpl.java:2343
getsmslist,jdbcCallSmsList,mapRow,/Users/mrityunjoydey/Documents/github/ne-bank-cbs/turing-slice-cbs/cbs-transactions/app/api/bsgaccounting/repository/cbs/CbsRepositoryImpl.java:13976
getavgmonthlybalance,jdbcCallMonthlyAverageAccountBalance,calculateMonthlyAverageAccountBalance,/Users/mrityunjoydey/Documents/github/ne-bank-cbs/turing-slice-cbs/cbs-transactions/app/api/bsgaccounting/repository/cbs/CbsRepositoryImpl.java:14005
sp_rectify_balance,jdbcCallRectifyBalance,rectifyBalance,/Users/mrityunjoydey/Documents/github/ne-bank-cbs/turing-slice-cbs/cbs-transactions/app/api/bsgaccounting/repository/cbs/CbsRepositoryImpl.java:14058
sp_account_for_status_change,jdbcCallGetAccountsForStatusChange,mapRow,/Users/mrityunjoydey/Documents/github/ne-bank-cbs/turing-slice-cbs/cbs-transactions/app/api/bsgaccounting/repository/cbs/CbsRepositoryImpl.java:14064
checkdailytrialbalancediff,jdbcCallCheckDailyTrialBalanceDiff,checkDailyTrialBalanceDiff,/Users/mrityunjoydey/Documents/github/ne-bank-cbs/turing-slice-cbs/cbs-transactions/app/api/bsgaccounting/repository/cbs/CbsRepositoryImpl.java:14106
getactiveaccountsbymobileno,jdbcCallgetUPIActiveAccountsByCustomerMobile,getUPIActiveAccountsByCustomerMobile,/Users/mrityunjoydey/Documents/github/ne-bank-cbs/turing-slice-cbs/cbs-transactions/app/api/bsgaccounting/repository/cbs/CbsRepositoryImpl.java:15346
getactiveaccountsbymobileno,jdbcCallgetUPIActiveAccountsByCustomerMobile,getUPIActiveAccountsByCustomerMobile,/Users/mrityunjoydey/Documents/github/ne-bank-cbs/turing-slice-cbs/cbs-transactions/app/api/bsgaccounting/repository/cbs/CbsRepositoryImpl.java:15346
sp_getaccountdetails_upi,jdbcCallGetAccountDetailsUpi,getUpiAccountPanDetails,/Users/mrityunjoydey/Documents/github/ne-bank-cbs/turing-slice-cbs/cbs-transactions/app/api/bsgaccounting/repository/cbs/CbsRepositoryImpl.java:15512
sp_get_bsbda_product_id,bsbdaProductIdJdbcCall,getProductIdList,/Users/mrityunjoydey/Documents/github/ne-bank-cbs/turing-slice-cbs/cbs-transactions/app/api/bsgaccounting/repository/cbs/CbsRepositoryImpl.java:15947
sp_get_bsbda_rule_config,bsbdaJdbcCall,getBsbdaRuleConfig,/Users/mrityunjoydey/Documents/github/ne-bank-cbs/turing-slice-cbs/cbs-transactions/app/api/bsgaccounting/repository/cbs/CbsRepositoryImpl.java:15963
sp_last_transaction,jdbcCallAccountLastTransactionDate,setAccountLastTransactionDate,/Users/mrityunjoydey/Documents/github/ne-bank-cbs/turing-slice-cbs/cbs-transactions/app/api/bsgaccounting/repository/cbs/CbsRepositoryImpl.java:16345
sp_get_old_account_list,oldAccountNumberMappingListCall,getOldAccountNumberList,/Users/mrityunjoydey/Documents/github/ne-bank-cbs/turing-slice-cbs/cbs-transactions/app/api/bsgaccounting/repository/cbs/CbsRepositoryImpl.java:16442
sp_loan_interest_accrual,jdbcCallForLoanAccrual,LoanRepositoryImpl,/Users/mrityunjoydey/Documents/github/ne-bank-cbs/turing-slice-cbs/cbs-transactions/app/api/bsgaccounting/repository/loan/LoanRepositoryImpl.java:113
sp_loan_interest_accrual,jdbcCallForLoanAccrual,interestAccrualActivityForLoan,/Users/mrityunjoydey/Documents/github/ne-bank-cbs/turing-slice-cbs/cbs-transactions/app/api/bsgaccounting/repository/loan/LoanRepositoryImpl.java:1371
sp_loan_penal_interest_accrual,jdbcCallForLoanPenalAccrual,LoanRepositoryImpl,/Users/mrityunjoydey/Documents/github/ne-bank-cbs/turing-slice-cbs/cbs-transactions/app/api/bsgaccounting/repository/loan/LoanRepositoryImpl.java:113
sp_loan_penal_interest_accrual,jdbcCallForLoanPenalAccrual,penalInterestAccrualActivityForLoan,/Users/mrityunjoydey/Documents/github/ne-bank-cbs/turing-slice-cbs/cbs-transactions/app/api/bsgaccounting/repository/loan/LoanRepositoryImpl.java:1458
sp_loan_penal_interest_accrual,jdbcCallForLoanPenalIntAccrual,penalInterestAccrualForLoan,/Users/mrityunjoydey/Documents/github/ne-bank-cbs/turing-slice-cbs/cbs-transactions/app/api/bsgaccounting/repository/loan/LoanRepositoryImpl.java:2313
sp_get_overdue_details,jdbcCallOverdueByCustomer,LoanRepositoryImpl,/Users/mrityunjoydey/Documents/github/ne-bank-cbs/turing-slice-cbs/cbs-transactions/app/api/bsgaccounting/repository/loan/LoanRepositoryImpl.java:113
sp_get_overdue_details,jdbcCallOverdueByCustomer,getOverdueDetailsByCustomerId,/Users/mrityunjoydey/Documents/github/ne-bank-cbs/turing-slice-cbs/cbs-transactions/app/api/bsgaccounting/repository/loan/LoanRepositoryImpl.java:1831
sp_interest_application_loan,jdbcCallForLoanInterestApplication,LoanRepositoryImpl,/Users/mrityunjoydey/Documents/github/ne-bank-cbs/turing-slice-cbs/cbs-transactions/app/api/bsgaccounting/repository/loan/LoanRepositoryImpl.java:113
sp_interest_application_loan,jdbcCallForLoanInterestApplication,mapRow,/Users/mrityunjoydey/Documents/github/ne-bank-cbs/turing-slice-cbs/cbs-transactions/app/api/bsgaccounting/repository/loan/LoanRepositoryImpl.java:1397
sp_interest_application_cc,jdbcCallForCcInterestApplication,LoanRepositoryImpl,/Users/mrityunjoydey/Documents/github/ne-bank-cbs/turing-slice-cbs/cbs-transactions/app/api/bsgaccounting/repository/loan/LoanRepositoryImpl.java:113
sp_interest_application_cc,jdbcCallForCcInterestApplication,mapRow,/Users/mrityunjoydey/Documents/github/ne-bank-cbs/turing-slice-cbs/cbs-transactions/app/api/bsgaccounting/repository/loan/LoanRepositoryImpl.java:1397
sp_npa_borrower,jdbcCallNpaBorrower,LoanRepositoryImpl,/Users/mrityunjoydey/Documents/github/ne-bank-cbs/turing-slice-cbs/cbs-transactions/app/api/bsgaccounting/repository/loan/LoanRepositoryImpl.java:113
sp_npa_borrower,jdbcCallNpaBorrower,getNpaBorrower,/Users/mrityunjoydey/Documents/github/ne-bank-cbs/turing-slice-cbs/cbs-transactions/app/api/bsgaccounting/repository/loan/LoanRepositoryImpl.java:1788
loan_auto_recovery_sp,jdbcCallForLoanAutoRecoveryTask,getLoanAutoRecoveryTaskData,/Users/mrityunjoydey/Documents/github/ne-bank-cbs/turing-slice-cbs/cbs-transactions/app/api/bsgaccounting/repository/loan/LoanRepositoryImpl.java:3413
loan_auto_recovery_sp,jdbcCallForLoanAutoRecoveryTaskRead,getLoanAutoRecoveryTaskData,/Users/mrityunjoydey/Documents/github/ne-bank-cbs/turing-slice-cbs/cbs-transactions/app/api/bsgaccounting/repository/loan/LoanRepositoryImpl.java:3413
sp_get_reschedule_product_list,jdbcGetRescheduleProductList,getProductListFromCaseId,/Users/mrityunjoydey/Documents/github/ne-bank-cbs/turing-slice-cbs/cbs-transactions/app/api/bsgaccounting/repository/loan/LoanRepositoryImpl.java:3616
sp_get_active_account_list_from_product,jdbcGetActiveLoanAccountListOfProduct,getActiveLoanAccountListOfProduct,/Users/mrityunjoydey/Documents/github/ne-bank-cbs/turing-slice-cbs/cbs-transactions/app/api/bsgaccounting/repository/loan/LoanRepositoryImpl.java:3765
calculate_overdue_loan,jdbcCallForLoanOverDueCalculations,LoanOverdueCalculationForLoan,/Users/mrityunjoydey/Documents/github/ne-bank-cbs/turing-slice-cbs/cbs-transactions/app/api/bsgaccounting/repository/loan/LoanRepositoryImpl.java:3905
loan_cc_asset_classification_list,jdbcCallNpaUpdationTask,getNpaUpdationTaskList,/Users/mrityunjoydey/Documents/github/ne-bank-cbs/turing-slice-cbs/cbs-transactions/app/api/bsgaccounting/repository/loan/LoanRepositoryImpl.java:3926
loan_npa_identifcation_task_list,jdbcNpaIdentification,getNpaAccountIdentifiedList,/Users/mrityunjoydey/Documents/github/ne-bank-cbs/turing-slice-cbs/cbs-transactions/app/api/bsgaccounting/repository/loan/LoanRepositoryImpl.java:3958
sp_insert_casa_balances,jdbcCallCasaBalanceInsert,BulkInsertRepositoryImpl,/Users/mrityunjoydey/Documents/github/ne-bank-cbs/turing-slice-cbs/cbs-transactions/app/api/bsgaccounting/repository/bulk/BulkInsertRepositoryImpl.java:101
sp_insert_casa_balances,jdbcCallCasaBalanceInsert,initiatePreProcessingCasaBalance,/Users/mrityunjoydey/Documents/github/ne-bank-cbs/turing-slice-cbs/cbs-transactions/app/api/bsgaccounting/repository/bulk/BulkInsertRepositoryImpl.java:2334
sp_insert_loan_balances,jdbcCallLoanCCInsertBalance,BulkInsertRepositoryImpl,/Users/mrityunjoydey/Documents/github/ne-bank-cbs/turing-slice-cbs/cbs-transactions/app/api/bsgaccounting/repository/bulk/BulkInsertRepositoryImpl.java:101
sp_insert_loan_balances,jdbcCallLoanCCInsertBalance,initiateLoanCCInsertBalance,/Users/mrityunjoydey/Documents/github/ne-bank-cbs/turing-slice-cbs/cbs-transactions/app/api/bsgaccounting/repository/bulk/BulkInsertRepositoryImpl.java:2365
sp_get_accounts_for_folio_charges,jdbcCallFolioChargesPreProcessing,BulkInsertRepositoryImpl,/Users/mrityunjoydey/Documents/github/ne-bank-cbs/turing-slice-cbs/cbs-transactions/app/api/bsgaccounting/repository/bulk/BulkInsertRepositoryImpl.java:101
sp_get_accounts_for_folio_charges,jdbcCallFolioChargesPreProcessing,initiateFolioChargesPrePocessing,/Users/mrityunjoydey/Documents/github/ne-bank-cbs/turing-slice-cbs/cbs-transactions/app/api/bsgaccounting/repository/bulk/BulkInsertRepositoryImpl.java:2298
sp_get_accounts_for_maintenance_charges,jdbcCallAccountMaintenancePreProcessing,BulkInsertRepositoryImpl,/Users/mrityunjoydey/Documents/github/ne-bank-cbs/turing-slice-cbs/cbs-transactions/app/api/bsgaccounting/repository/bulk/BulkInsertRepositoryImpl.java:101
sp_get_accounts_for_maintenance_charges,jdbcCallAccountMaintenancePreProcessing,initiateAccountMaintenancePreProcesing,/Users/mrityunjoydey/Documents/github/ne-bank-cbs/turing-slice-cbs/cbs-transactions/app/api/bsgaccounting/repository/bulk/BulkInsertRepositoryImpl.java:2319
sp_get_accounts_for_debitcard_charges,jdbcCallDebitChargesPreProcessing,BulkInsertRepositoryImpl,/Users/mrityunjoydey/Documents/github/ne-bank-cbs/turing-slice-cbs/cbs-transactions/app/api/bsgaccounting/repository/bulk/BulkInsertRepositoryImpl.java:101
sp_get_accounts_for_debitcard_charges,jdbcCallDebitChargesPreProcessing,initiateDebitCardChargesPrePocessing,/Users/mrityunjoydey/Documents/github/ne-bank-cbs/turing-slice-cbs/cbs-transactions/app/api/bsgaccounting/repository/bulk/BulkInsertRepositoryImpl.java:2310
sp_get_loan_cc_accounts,jdbcCallLoanCCPreProcessing,BulkInsertRepositoryImpl,/Users/mrityunjoydey/Documents/github/ne-bank-cbs/turing-slice-cbs/cbs-transactions/app/api/bsgaccounting/repository/bulk/BulkInsertRepositoryImpl.java:101
sp_get_loan_cc_accounts,jdbcCallLoanCCPreProcessing,initiateLoanCCPreProcessing,/Users/mrityunjoydey/Documents/github/ne-bank-cbs/turing-slice-cbs/cbs-transactions/app/api/bsgaccounting/repository/bulk/BulkInsertRepositoryImpl.java:2327
get_casa_int_application_accs,jdbcCallCasaInterestTable,BulkInsertRepositoryImpl,/Users/mrityunjoydey/Documents/github/ne-bank-cbs/turing-slice-cbs/cbs-transactions/app/api/bsgaccounting/repository/bulk/BulkInsertRepositoryImpl.java:101
get_casa_int_application_accs,jdbcCallCasaInterestTable,initiatePreProcessingCasaTable,/Users/mrityunjoydey/Documents/github/ne-bank-cbs/turing-slice-cbs/cbs-transactions/app/api/bsgaccounting/repository/bulk/BulkInsertRepositoryImpl.java:2374
sp_casa_inoperative_bal_charges,jdbcCallInoperativePreProcessing,BulkInsertRepositoryImpl,/Users/mrityunjoydey/Documents/github/ne-bank-cbs/turing-slice-cbs/cbs-transactions/app/api/bsgaccounting/repository/bulk/BulkInsertRepositoryImpl.java:101
sp_casa_inoperative_bal_charges,jdbcCallInoperativePreProcessing,initiatePreProcessingInoperative,/Users/mrityunjoydey/Documents/github/ne-bank-cbs/turing-slice-cbs/cbs-transactions/app/api/bsgaccounting/repository/bulk/BulkInsertRepositoryImpl.java:2355
sp_td_interest_application,jdbcCallTdInterestPreProcessing,BulkInsertRepositoryImpl,/Users/mrityunjoydey/Documents/github/ne-bank-cbs/turing-slice-cbs/cbs-transactions/app/api/bsgaccounting/repository/bulk/BulkInsertRepositoryImpl.java:101
sp_td_interest_application,jdbcCallTdInterestPreProcessing,setValues,/Users/mrityunjoydey/Documents/github/ne-bank-cbs/turing-slice-cbs/cbs-transactions/app/api/bsgaccounting/repository/bulk/BulkInsertRepositoryImpl.java:2655
sp_insert_td_balances,jdbcCallTdBalancePreProcessing,BulkInsertRepositoryImpl,/Users/mrityunjoydey/Documents/github/ne-bank-cbs/turing-slice-cbs/cbs-transactions/app/api/bsgaccounting/repository/bulk/BulkInsertRepositoryImpl.java:101
sp_insert_td_balances,jdbcCallTdBalancePreProcessing,setValues,/Users/mrityunjoydey/Documents/github/ne-bank-cbs/turing-slice-cbs/cbs-transactions/app/api/bsgaccounting/repository/bulk/BulkInsertRepositoryImpl.java:2655
sp_td_interest_application_bucketing,jdbcCallTdBucketingPostProcessing,BulkInsertRepositoryImpl,/Users/mrityunjoydey/Documents/github/ne-bank-cbs/turing-slice-cbs/cbs-transactions/app/api/bsgaccounting/repository/bulk/BulkInsertRepositoryImpl.java:101
sp_td_interest_application_bucketing,jdbcCallTdBucketingPostProcessing,initiateTdPostProcessing,/Users/mrityunjoydey/Documents/github/ne-bank-cbs/turing-slice-cbs/cbs-transactions/app/api/bsgaccounting/repository/bulk/BulkInsertRepositoryImpl.java:2697
update_loan_repayment_chart_post_interest_application,jdbcCallUpdateLoanRepaymentChartPostInterestApplication,BulkInsertRepositoryImpl,/Users/mrityunjoydey/Documents/github/ne-bank-cbs/turing-slice-cbs/cbs-transactions/app/api/bsgaccounting/repository/bulk/BulkInsertRepositoryImpl.java:101
update_loan_repayment_chart_post_interest_application,jdbcCallUpdateLoanRepaymentChartPostInterestApplication,setValues,/Users/mrityunjoydey/Documents/github/ne-bank-cbs/turing-slice-cbs/cbs-transactions/app/api/bsgaccounting/repository/bulk/BulkInsertRepositoryImpl.java:2805
sp_interest_accrual_pnr_pl_posting_pre_processing,jdbcCallDailyAccrualPlPostingPreProcessing,BulkInsertRepositoryImpl,/Users/mrityunjoydey/Documents/github/ne-bank-cbs/turing-slice-cbs/cbs-transactions/app/api/bsgaccounting/repository/bulk/BulkInsertRepositoryImpl.java:101
sp_interest_accrual_pnr_pl_posting_pre_processing,jdbcCallDailyAccrualPlPostingPreProcessing,initiatePreProcessingDailyAccrualPlPosting,/Users/mrityunjoydey/Documents/github/ne-bank-cbs/turing-slice-cbs/cbs-transactions/app/api/bsgaccounting/repository/bulk/BulkInsertRepositoryImpl.java:2856
sp_update_policy_renew_details,jdbcCallUpdatePolicyDetails,BulkInsertRepositoryImpl,/Users/mrityunjoydey/Documents/github/ne-bank-cbs/turing-slice-cbs/cbs-transactions/app/api/bsgaccounting/repository/bulk/BulkInsertRepositoryImpl.java:101
sp_update_policy_renew_details,jdbcCallUpdatePolicyDetails,updatePolicyDetailsByFileId,/Users/mrityunjoydey/Documents/github/ne-bank-cbs/turing-slice-cbs/cbs-transactions/app/api/bsgaccounting/repository/bulk/BulkInsertRepositoryImpl.java:3036
npa_provision_preprocessing,jdbcCallNpaProvisionPreProcessing,BulkInsertRepositoryImpl,/Users/mrityunjoydey/Documents/github/ne-bank-cbs/turing-slice-cbs/cbs-transactions/app/api/bsgaccounting/repository/bulk/BulkInsertRepositoryImpl.java:101
npa_provision_preprocessing,jdbcCallNpaProvisionPreProcessing,setValues,/Users/mrityunjoydey/Documents/github/ne-bank-cbs/turing-slice-cbs/cbs-transactions/app/api/bsgaccounting/repository/bulk/BulkInsertRepositoryImpl.java:3247
sp_get_account_info,jdbcCallAccountInfoCasa,HashDataRepositoryImpl,/Users/mrityunjoydey/Documents/github/ne-bank-cbs/turing-slice-cbs/cbs-transactions/app/api/bsgaccounting/repository/hash/HashDataRepositoryImpl.java:46
sp_get_account_info,jdbcCallAccountInfoCasa,setValues,/Users/mrityunjoydey/Documents/github/ne-bank-cbs/turing-slice-cbs/cbs-transactions/app/api/bsgaccounting/repository/hash/HashDataRepositoryImpl.java:281
sp_get_account_info,jdbcCallAccountInfoLoanCC,HashDataRepositoryImpl,/Users/mrityunjoydey/Documents/github/ne-bank-cbs/turing-slice-cbs/cbs-transactions/app/api/bsgaccounting/repository/hash/HashDataRepositoryImpl.java:46
sp_get_account_info,jdbcCallAccountInfoLoanCC,getDataForHashLoanCc,/Users/mrityunjoydey/Documents/github/ne-bank-cbs/turing-slice-cbs/cbs-transactions/app/api/bsgaccounting/repository/hash/HashDataRepositoryImpl.java:331
sp_get_account_info,jdbcCallAccountInfoTd,HashDataRepositoryImpl,/Users/mrityunjoydey/Documents/github/ne-bank-cbs/turing-slice-cbs/cbs-transactions/app/api/bsgaccounting/repository/hash/HashDataRepositoryImpl.java:46
sp_get_account_info,jdbcCallAccountInfoTd,getDataForHashTd,/Users/mrityunjoydey/Documents/github/ne-bank-cbs/turing-slice-cbs/cbs-transactions/app/api/bsgaccounting/repository/hash/HashDataRepositoryImpl.java:381
sp_casa_interest_accrual,jdbcCall,CasaRepositoryImpl,/Users/mrityunjoydey/Documents/github/ne-bank-cbs/turing-slice-cbs/cbs-transactions/app/api/bsgaccounting/repository/casa/CasaRepositoryImpl.java:76
sp_casa_interest_accrual,jdbcCall,executeInterestAccrual,/Users/mrityunjoydey/Documents/github/ne-bank-cbs/turing-slice-cbs/cbs-transactions/app/api/bsgaccounting/repository/casa/CasaRepositoryImpl.java:658
sp_casa_balance_check,casaWorkingClosingCall,executeCasaBalanceCheck,/Users/mrityunjoydey/Documents/github/ne-bank-cbs/turing-slice-cbs/cbs-transactions/app/api/bsgaccounting/repository/casa/CasaRepositoryImpl.java:683
sp_dds_closure_calculation,ddsClosingCall,getChargesForDdsClosure,/Users/mrityunjoydey/Documents/github/ne-bank-cbs/turing-slice-cbs/cbs-transactions/app/api/bsgaccounting/repository/casa/CasaRepositoryImpl.java:900
update_product_and_internal_account_balance,regenerateProductAndInternalAccBalance,regenerateProductAndInternalAccountBalance,/Users/mrityunjoydey/Documents/github/ne-bank-cbs/turing-slice-cbs/cbs-transactions/app/api/bsgaccounting/repository/product/ProductTxnRepositoryImpl.java:1290
sp_verify_pl_account,jdbcCallGetVerifyPlAcoount,getCountForVerifyPlAccount,/Users/mrityunjoydey/Documents/github/ne-bank-cbs/turing-slice-cbs/cbs-transactions/app/api/bsgaccounting/repository/branchHandOver/BranchHandOverRepositoryImpl.java:253
sp_verify_pl_account,jdbcCallGetVerifyPlAcoount,getListForVerifyPlAccount,/Users/mrityunjoydey/Documents/github/ne-bank-cbs/turing-slice-cbs/cbs-transactions/app/api/bsgaccounting/repository/branchHandOver/BranchHandOverRepositoryImpl.java:259
sp_casa_interest_exception,jdbcCallGetZeroInterestCasaAccounts,getDetailsForZeroInterestCasaAccounts,/Users/mrityunjoydey/Documents/github/ne-bank-cbs/turing-slice-cbs/cbs-transactions/app/api/bsgaccounting/repository/branchHandOver/BranchHandOverRepositoryImpl.java:265
sp_reset_accrual,jdbcCallResetAccrual,resetInterestAccrual,/Users/mrityunjoydey/Documents/github/ne-bank-cbs/turing-slice-cbs/cbs-transactions/app/api/bsgaccounting/repository/branchHandOver/BranchHandOverRepositoryImpl.java:355
